{
  "input_dim": 83,
  "mean": [
    0.0,
    0.0,
    0.0,
    0.09613215923309326,
    -0.10024875402450562,
    -0.09237761795520782,
    0.18936887383460999,
    -0.2603752613067627,
    -0.13551920652389526,
    0.22274181246757507,
    -0.39377403259277344,
    -0.1732039749622345,
    0.2222871035337448,
    -0.45547547936439514,
    -0.20547501742839813,
    0.2152949571609497,
    -0.49727728962898254,
    -0.07168109714984894,
    0.26733237504959106,
    -0.644176721572876,
    -0.15641595423221588,
    0.2816818952560425,
    -0.6484883427619934,
    -0.21575383841991425,
    0.2932013273239136,
    -0.6487754583358765,
    -0.24991978704929352,
    0.16986292600631714,
    -0.49720126390457153,
    -0.07399480789899826,
    0.2177513986825943,
    -0.634521484375,
    -0.16963550448417664,
    0.21156297624111176,
    -0.5730094909667969,
    -0.21776916086673737,
    0.2062205970287323,
    -0.5313615798950195,
    -0.23620207607746124,
    0.12109386175870895,
    -0.45871829986572266,
    -0.08936875313520432,
    0.15564510226249695,
    -0.5631431341171265,
    -0.1988281011581421,
    0.1441727578639984,
    -0.4529041349887848,
    -0.2186921089887619,
    0.13443070650100708,
    -0.3750044107437134,
    -0.20706239342689514,
    0.06862413138151169,
    -0.3938398063182831,
    -0.11153516173362732,
    0.10573361814022064,
    -0.48213109374046326,
    -0.189460888504982,
    0.11569613963365555,
    -0.4295312762260437,
    -0.1925087869167328,
    0.12140965461730957,
    -0.3888082802295685,
    -0.1794266551733017,
    0.26899024844169617,
    0.49779871106147766,
    0.6415316462516785,
    0.7270185947418213,
    0.6081662774085999,
    0.8119071125984192,
    0.8742493987083435,
    0.9236060976982117,
    0.5723723769187927,
    0.7825180292129517,
    0.7758554816246033,
    0.7774291038513184,
    0.5395053029060364,
    0.7220174074172974,
    0.6432235836982727,
    0.5813010931015015,
    0.5187899470329285,
    0.6655349135398865,
    0.63128262758255,
    0.5995932817459106
  ],
  "std": [
    9.999999974752427e-07,
    9.999999974752427e-07,
    9.999999974752427e-07,
    0.18732483685016632,
    0.09310217201709747,
    0.07748467475175858,
    0.30284568667411804,
    0.18286938965320587,
    0.12760886549949646,
    0.32846173644065857,
    0.26474303007125854,
    0.16425883769989014,
    0.35869845747947693,
    0.32189276814460754,
    0.20344898104667664,
    0.19218437373638153,
    0.15806934237480164,
    0.16503693163394928,
    0.2411041259765625,
    0.2404116839170456,
    0.218398779630661,
    0.28951334953308105,
    0.30772367119789124,
    0.24979013204574585,
    0.33492806553840637,
    0.3865579068660736,
    0.26653292775154114,
    0.13040968775749207,
    0.15050961077213287,
    0.14490348100662231,
    0.20593386888504028,
    0.25698745250701904,
    0.19658857583999634,
    0.23807862401008606,
    0.343705415725708,
    0.20526288449764252,
    0.2703799307346344,
    0.43132784962654114,
    0.20947042107582092,
    0.17758505046367645,
    0.15263070166110992,
    0.1327587217092514,
    0.24616670608520508,
    0.25900477170944214,
    0.17582017183303833,
    0.23994509875774384,
    0.3077029883861542,
    0.1692531704902649,
    0.24606482684612274,
    0.3529682457447052,
    0.16440781950950623,
    0.2623305022716522,
    0.16342519223690033,
    0.1357630044221878,
    0.3118667006492615,
    0.24630886316299438,
    0.16266319155693054,
    0.3121544122695923,
    0.289823055267334,
    0.15722519159317017,
    0.3209626376628876,
    0.33439183235168457,
    0.15381208062171936,
    0.07232990115880966,
    0.1251336932182312,
    0.1675257384777069,
    0.21024763584136963,
    0.1344119757413864,
    0.12380311638116837,
    0.15172995626926422,
    0.22119973599910736,
    0.12077435106039047,
    0.1165006160736084,
    0.18845735490322113,
    0.2815896272659302,
    0.12026477605104446,
    0.13480375707149506,
    0.20223911106586456,
    0.2753690779209137,
    0.13066428899765015,
    0.14483369886875153,
    0.20635640621185303,
    0.27764737606048584
  ]
}